0,1,2,3,4,5,6,7,8,9,10,11,12,13,14,15,16,17,18,19
0.0,0.0,0.0,27.981625,0.0,0.0,60.509785,0.0,0.0,14.135699,11.38557,0.0,0.0,0.0,13.587232,0.0,0.0,60.440758,8.7058935,27.476587
0.0,0.0,0.0,44.445858,0.0,0.0,72.248276,0.0,0.0,0.6968062,23.015295,0.0,0.0,0.0,5.4988227,0.0,0.0,64.24898,3.3857918,43.23739
0.0,0.0,0.0,32.31457,0.0,0.0,60.55807,0.0,0.0,0.0,15.829555,0.0,0.0,0.0,10.312299,0.0,0.0,55.778942,0.0,42.292156
0.0,0.0,0.0,39.706036,0.0,0.0,69.578156,0.0,0.0,5.771209,15.921413,0.0,0.0,0.0,9.424379,0.0,0.0,59.200424,5.8147583,39.26484
0.0,0.0,0.0,58.427483,0.0,0.0,87.35974,0.0,0.0,31.255444,30.75257,0.0,0.0,0.0,1.2294337,0.0,0.0,74.75541,19.558893,17.256279
0.0,0.0,0.0,21.786144,0.0,0.0,52.942005,0.0,0.0,4.7642717,6.6513243,0.0,0.0,0.0,14.409181,0.0,0.0,52.369305,4.6161237,30.955685
0.0,0.0,0.0,41.210052,0.0,0.0,72.49549,0.0,0.0,22.507614,21.89181,0.0,0.0,0.0,7.8079524,0.0,0.0,68.18606,13.428639,20.708586
0.0,0.0,0.0,44.914326,0.0,0.0,73.10341,0.0,0.0,10.195235,23.848001,0.0,0.0,0.0,5.8171716,0.0,0.0,62.86795,7.0763116,34.666206
0.0,0.0,0.0,19.08324,0.0,0.0,53.766766,0.0,0.0,1.8153335,10.186508,0.0,0.0,0.0,18.583473,0.0,0.0,58.88805,0.15364768,36.94125
0.0,0.0,0.0,20.122114,0.0,0.0,53.023773,0.0,0.0,0.0,4.9472218,0.0,0.0,0.0,18.4581,0.0,0.0,52.717644,0.0,45.831074
0.0,0.0,0.0,33.129932,0.0,0.0,63.803852,0.0,0.0,9.146021,14.427369,0.0,0.0,0.0,10.889059,0.0,0.0,60.666885,7.4219637,30.118507
0.0,0.0,0.0,37.906094,0.0,0.0,67.40034,0.0,0.0,23.153688,23.244883,0.0,0.0,0.0,7.97136,0.0,0.0,62.564972,11.209954,19.22216
0.0,0.0,0.0,42.12723,0.0,0.0,72.1697,0.0,0.0,11.8282175,21.716795,0.0,0.0,0.0,7.5252123,0.0,0.0,64.025,7.7964306,33.011253
0.0,0.0,0.0,31.51563,0.0,0.0,58.297287,0.0,0.0,11.699827,9.410793,0.0,0.0,0.0,11.203068,0.0,0.0,53.274113,9.398569,27.060442
0.0,0.0,0.0,37.8249,0.0,0.0,71.65393,0.0,0.0,20.17972,21.586983,0.0,0.0,0.0,11.520377,0.0,0.0,68.43851,9.423624,27.438274
0.0,0.0,0.0,34.03525,0.0,0.0,62.427834,0.0,0.0,6.9989038,15.225079,0.0,0.0,0.0,10.039288,0.0,0.0,55.443855,5.062764,34.239735
0.0,0.0,0.0,56.232788,0.0,0.0,87.8048,0.0,0.0,29.233727,30.797194,0.0,0.0,0.0,3.8884163,0.0,0.0,72.910385,15.99712,24.654184
0.0,0.0,0.0,19.556648,0.0,0.0,51.709152,0.0,0.0,22.72389,7.717596,0.0,0.0,0.0,16.32343,0.0,0.0,56.838978,12.746853,12.051846
0.0,0.0,0.0,35.34588,0.0,0.0,66.011505,0.0,0.0,4.9602275,18.994324,0.0,0.0,0.0,9.584878,0.0,0.0,63.85863,4.405464,34.872974
0.0,0.0,0.0,30.659796,0.0,0.0,62.174515,0.0,0.0,16.017218,11.227241,0.0,0.0,0.0,15.1003895,0.0,0.0,59.734814,10.669038,25.81744
0.0,0.0,0.0,33.270775,0.0,0.0,64.11492,0.0,0.0,9.41181,12.564412,0.0,0.0,0.0,11.364029,0.0,0.0,59.562233,8.623546,30.31832
0.0,0.0,0.0,38.360535,0.0,0.0,67.04299,0.0,0.0,2.381637,19.705843,0.0,0.0,0.0,9.118148,0.0,0.0,60.053234,2.2559679,41.41587
0.0,0.0,0.0,34.585987,0.0,0.0,64.91555,0.0,0.0,0.20436181,17.935345,0.0,0.0,0.0,9.910973,0.0,0.0,59.660282,1.377364,41.173187
0.0,0.0,0.0,27.139246,0.0,0.0,58.55113,0.0,0.0,18.410486,12.58056,0.0,0.0,0.0,13.482609,0.0,0.0,61.072254,10.910006,19.71251
0.0,0.0,0.0,30.929285,0.0,0.0,59.424946,0.0,0.0,0.0,16.072197,0.0,0.0,0.0,12.417574,0.0,0.0,57.053654,0.0,45.47041
0.0,0.0,0.0,38.650494,0.0,0.0,73.724464,0.0,0.0,24.444029,18.049353,0.0,0.0,0.0,12.958295,0.0,0.0,70.97033,15.396451,21.106123
0.0,0.0,0.0,24.954563,0.0,0.0,57.659176,0.0,0.0,7.101123,9.906721,0.0,0.0,0.0,15.720035,0.0,0.0,58.088295,4.511818,33.050076
0.0,0.0,0.0,22.079006,0.0,0.0,47.828754,0.0,0.0,9.026918,8.215757,0.0,0.0,0.0,12.269272,0.0,0.0,45.571205,5.573406,24.231829
0.0,0.0,8.930358,62.88469,0.0,0.0,95.87652,0.0,0.0,47.941788,37.38942,0.0,0.0,10.784037,1.6597961,0.0,0.0,85.96251,26.31182,6.706677
0.0,0.0,0.0,26.577307,0.0,0.0,55.737534,0.0,0.0,4.8542576,10.410862,0.0,0.0,0.0,12.209364,0.0,0.0,53.874214,4.3448176,33.41015
0.0,0.0,0.0,36.325222,0.0,0.0,61.56672,0.0,0.0,0.0,16.692827,0.0,0.0,0.0,7.9973583,0.0,0.0,50.89692,1.0464107,41.808384
0.0,0.0,0.0,22.351643,0.0,0.0,51.084606,0.0,0.0,5.837101,2.8154368,0.0,0.0,0.0,14.865799,0.0,0.0,48.270622,6.8947897,28.059013
0.0,0.0,0.0,36.873043,0.0,0.0,66.66572,0.0,0.0,0.0,17.896717,0.0,0.0,0.0,9.6476345,0.0,0.0,58.75992,0.0,46.76839
0.0,0.0,0.0,41.116848,0.0,0.0,69.66237,0.0,0.0,19.64048,20.876507,0.0,0.0,0.0,6.7094436,0.0,0.0,63.545536,12.994458,23.002033
0.0,0.0,0.0,26.727905,0.0,0.0,51.903072,0.0,0.0,14.016102,12.8846035,0.0,0.0,0.0,11.116339,0.0,0.0,53.705067,8.761526,19.239325
0.0,0.0,0.0,22.675388,0.0,0.0,51.51968,0.0,0.0,0.0,9.494785,0.0,0.0,0.0,14.080243,0.0,0.0,52.55822,0.0,39.608074
0.0,0.0,0.0,46.61807,0.0,0.0,79.12956,0.0,0.0,21.913765,26.621363,0.0,0.0,0.0,7.4334335,0.0,0.0,69.54588,10.927673,28.878162
0.0,0.0,0.0,30.546387,0.0,0.0,62.28715,0.0,0.0,6.9387026,14.444407,0.0,0.0,0.0,13.411831,0.0,0.0,62.11714,5.012452,33.42036
0.0,0.0,0.0,31.155922,0.0,0.0,66.005135,0.0,0.0,21.978333,15.679978,0.0,0.0,0.0,14.371851,0.0,0.0,65.07284,11.404757,21.459734
0.0,0.0,0.0,46.516285,0.0,0.0,82.23219,0.0,0.0,38.146408,28.116081,0.0,0.0,3.9676414,8.491799,0.0,0.0,79.26375,19.761564,10.937397
0.0,0.0,0.0,42.62156,0.0,0.0,72.05069,0.0,0.0,27.392202,25.801075,0.0,0.0,0.0,6.7106333,0.0,0.0,69.49596,15.02177,14.822807
0.0,0.0,0.0,39.872364,0.0,0.0,69.95383,0.0,0.0,5.1415157,19.548008,0.0,0.0,0.0,8.18168,0.0,0.0,61.977055,4.645283,39.415276
0.0,0.0,0.0,36.086388,0.0,0.0,58.07593,0.0,0.0,3.0616276,13.03259,0.0,0.0,0.0,5.384084,0.0,0.0,53.170143,7.162666,29.315203
0.0,0.0,0.0,36.625965,0.0,0.0,65.89105,0.0,0.0,18.960896,18.5678,0.0,0.0,0.0,7.78621,0.0,0.0,61.79033,11.838978,20.181208
0.0,0.0,0.0,51.87705,0.0,0.0,82.75759,0.0,0.0,17.961021,33.589626,0.0,0.0,0.0,3.659117,0.0,0.0,74.00071,8.842783,32.243484
0.0,0.0,0.0,54.561516,0.0,0.0,84.41724,0.0,0.0,24.054903,29.563654,0.0,0.0,0.0,2.8278706,0.0,0.0,71.26111,14.570707,25.965734
0.0,0.0,0.0,35.82953,0.0,0.0,66.861664,0.0,0.0,3.042448,20.005636,0.0,0.0,0.0,10.415729,0.0,0.0,61.543133,1.378105,41.657604
0.0,0.0,0.0,35.79139,0.0,0.0,66.10558,0.0,0.0,14.384432,21.166601,0.0,0.0,0.0,9.287317,0.0,0.0,62.771137,7.1833096,28.076635
0.0,0.0,0.0,22.32683,0.0,0.0,51.441048,0.0,0.0,19.576612,12.620305,0.0,0.0,0.0,12.279312,0.0,0.0,51.803688,8.355879,16.304981
0.0,0.0,0.0,32.116577,0.0,0.0,63.062584,0.0,0.0,8.698293,15.129189,0.0,0.0,0.0,11.264286,0.0,0.0,59.350132,5.7132397,31.424082
0.0,0.0,0.0,35.993843,0.0,0.0,65.731125,0.0,0.0,16.890207,19.902184,0.0,0.0,0.0,9.376603,0.0,0.0,61.12149,8.588894,25.347895
0.0,0.0,0.0,45.7953,0.0,0.0,75.86783,0.0,0.0,26.92531,19.942274,0.0,0.0,0.0,5.6825824,0.0,0.0,66.95288,18.254753,17.111143
0.0,0.0,0.0,32.706,0.0,0.0,59.852734,0.0,0.0,13.201001,11.500768,0.0,0.0,0.0,11.726788,0.0,0.0,57.976387,12.3302965,23.329235
0.0,0.0,0.0,26.082417,0.0,0.0,53.0565,0.0,0.0,0.0,8.21694,0.0,0.0,0.0,12.955759,0.0,0.0,43.85875,0.0,52.59897
0.0,0.0,0.0,36.62575,0.0,0.0,69.85221,0.0,0.0,12.646516,16.325174,0.0,0.0,0.0,12.411313,0.0,0.0,62.35625,7.1384015,34.6218
0.0,0.0,0.0,27.786232,0.0,0.0,56.77412,0.0,0.0,2.872144,10.942756,0.0,0.0,0.0,12.835872,0.0,0.0,54.28126,3.8817694,34.537052
0.0,0.0,0.0,38.70832,0.0,0.0,67.73379,0.0,0.0,0.0,16.582832,0.0,0.0,0.0,8.582238,0.0,0.0,58.164978,1.9556454,44.62512
0.0,0.0,0.0,47.173668,0.0,0.0,75.11637,0.0,0.0,5.8111854,23.100073,0.0,0.0,0.0,4.5656614,0.0,0.0,62.807877,5.72546,39.86714
0.0,0.0,0.0,31.321161,0.0,0.0,58.13625,0.0,0.0,0.0,17.505209,0.0,0.0,0.0,10.022247,0.0,0.0,51.339314,0.0,47.852364
0.0,0.0,0.0,46.55332,0.0,0.0,76.27125,0.0,0.0,22.94498,23.730452,0.0,0.0,0.0,5.7882175,0.0,0.0,67.994995,14.656032,21.540594
0.0,0.0,1.1619056,37.390114,0.0,0.0,66.1451,0.0,0.0,28.693949,15.181724,0.0,0.0,0.0,9.554554,0.0,0.0,58.82956,16.896374,14.118715
0.0,0.0,0.0,51.915085,0.0,0.0,79.6127,0.0,0.0,25.97836,26.753162,0.0,0.0,0.0,2.950167,0.0,0.0,66.89127,16.256077,20.572054
0.0,0.0,0.0,32.598335,0.0,0.0,63.031242,0.0,0.0,0.0,12.525373,0.0,0.0,0.0,12.341713,0.0,0.0,52.478703,0.0,52.76412
0.0,0.0,0.0,23.395952,0.0,0.0,51.631874,0.0,0.0,9.079576,13.948475,0.0,0.0,0.0,10.934917,0.0,0.0,52.275116,4.472769,25.083906
0.0,0.0,0.0,27.773417,0.0,0.0,60.00561,0.0,0.0,5.6470227,11.706435,0.0,0.0,0.0,14.407392,0.0,0.0,57.23974,3.2136145,37.015556
0.0,0.0,0.0,29.347675,0.0,0.0,58.032394,0.0,0.0,0.0,14.23795,0.0,0.0,0.0,11.442412,0.0,0.0,53.903915,0.0,49.46968
0.0,0.0,0.0,36.932648,0.0,0.0,61.07875,0.0,0.0,11.649224,15.246342,0.0,0.0,0.0,6.8115087,0.0,0.0,53.108116,9.201963,26.618452
0.0,0.0,0.0,37.462097,0.0,0.0,67.01538,0.0,0.0,3.5991,18.976593,0.0,0.0,0.0,8.780328,0.0,0.0,59.903675,3.0576391,39.440964
0.0,0.0,0.0,36.376793,0.0,0.0,64.57067,0.0,0.0,2.9518619,17.763947,0.0,0.0,0.0,8.666389,0.0,0.0,56.125023,2.7721086,39.224
0.0,0.0,0.0,30.61781,0.0,0.0,61.504482,0.0,0.0,5.67871,9.4743,0.0,0.0,0.0,13.018588,0.0,0.0,53.965393,5.374215,35.465546
0.0,0.0,0.0,38.56497,0.0,0.0,66.818634,0.0,0.0,18.46254,19.12639,0.0,0.0,0.0,7.789082,0.0,0.0,60.91071,11.608462,22.980568
0.0,0.0,0.0,41.402496,0.0,0.0,64.63736,0.0,0.0,10.124219,17.472395,0.0,0.0,0.0,6.253897,0.0,0.0,53.780872,8.844221,30.275324
0.0,0.0,0.0,38.114933,0.0,0.0,66.32462,0.0,0.0,0.0,21.360716,0.0,0.0,0.0,7.992422,0.0,0.0,57.732628,0.0,56.428276
0.0,0.0,0.0,41.63578,0.0,0.0,72.16792,0.0,0.0,5.4208,19.87363,0.0,0.0,0.0,8.418588,0.0,0.0,65.81518,5.590625,38.564518
0.0,0.0,0.0,33.804222,0.0,0.0,62.463882,0.0,0.0,3.4780314,17.603304,0.0,0.0,0.0,9.814125,0.0,0.0,54.74821,1.813152,39.041473
0.0,0.0,0.0,36.091816,0.0,0.0,66.69817,0.0,0.0,11.779827,16.670048,0.0,0.0,0.0,9.933413,0.0,0.0,61.990284,8.157792,29.951563
0.0,0.0,0.0,39.24016,0.0,0.0,67.70997,0.0,0.0,9.1399975,18.071924,0.0,0.0,0.0,7.9372177,0.0,0.0,61.692513,7.2171063,33.69917
0.0,0.0,0.0,29.895256,0.0,0.0,61.050053,0.0,0.0,6.4391503,11.511235,0.0,0.0,0.0,13.476864,0.0,0.0,58.035187,5.4121037,33.97443
0.0,0.0,0.0,33.60767,0.0,0.0,64.38659,0.0,0.0,0.0,13.487375,0.0,0.0,0.0,11.895516,0.0,0.0,56.02558,0.42028037,46.65452
0.0,0.0,0.0,40.210873,0.0,0.0,66.10545,0.0,0.0,13.355916,15.970463,0.0,0.0,0.0,7.3598022,0.0,0.0,57.514984,10.724559,27.693438
0.0,0.0,0.0,45.16029,0.0,0.0,72.850044,0.0,0.0,6.671499,24.330051,0.0,0.0,0.0,5.5588455,0.0,0.0,60.222324,4.1201653,40.49425
0.0,0.0,0.0,49.90276,0.0,0.0,79.31318,0.0,0.0,19.475235,29.193121,0.0,0.0,0.0,3.5657938,0.0,0.0,69.9856,11.213467,27.594688
0.0,0.0,0.0,54.756428,0.0,0.0,82.92079,0.0,0.0,28.79462,27.454496,0.0,0.0,0.0,3.299855,0.0,0.0,66.97781,17.240122,21.791744
0.0,0.0,0.0,44.10919,0.0,0.0,77.625694,0.0,0.0,17.338797,25.581465,0.0,0.0,0.0,9.155348,0.0,0.0,72.34441,9.448523,32.27854
0.0,0.0,0.0,40.88309,0.0,0.0,64.316,0.0,0.0,23.146006,22.714277,0.0,0.0,0.0,2.2361534,0.0,0.0,57.705486,14.103799,12.573931
0.0,0.0,33.03371,95.151726,0.0,0.0,126.56911,0.0,0.0,75.72776,57.4983,0.0,0.0,34.72668,0.0,0.0,0.0,105.00001,43.018955,0.0
0.0,0.0,0.0,42.422977,0.0,0.0,71.71772,0.0,0.0,23.516539,17.226353,0.0,0.0,0.0,8.992573,0.0,0.0,63.294334,16.127506,20.599485
0.0,0.0,0.0,34.685898,0.0,0.0,59.846584,0.0,0.0,3.325939,14.547167,0.0,0.0,0.0,8.146593,0.0,0.0,50.539536,3.801575,36.128456
0.0,0.0,0.0,35.057087,0.0,0.0,62.803238,0.0,0.0,7.140906,13.683345,0.0,0.0,0.0,9.790417,0.0,0.0,53.64019,5.8408384,34.637104
0.0,0.0,0.0,36.902145,0.0,0.0,62.032158,0.0,0.0,22.958231,14.97169,0.0,0.0,0.0,5.8279214,0.0,0.0,55.09459,15.543283,12.9430065
0.0,0.0,0.0,43.04461,0.0,0.0,71.11948,0.0,0.0,9.400481,22.199633,0.0,0.0,0.0,7.4918046,0.0,0.0,62.069046,6.824344,36.501503
0.0,0.0,0.0,30.775494,0.0,0.0,60.124176,0.0,0.0,1.5045341,10.12208,0.0,0.0,0.0,12.601161,0.0,0.0,55.885056,4.4027042,36.80056
0.0,0.0,0.0,33.58706,0.0,0.0,61.561073,0.0,0.0,4.332472,15.294384,0.0,0.0,0.0,12.012135,0.0,0.0,58.1439,5.7095666,35.71096
0.0,0.0,0.0,43.71844,0.0,0.0,72.487076,0.0,0.0,19.541142,23.17298,0.0,0.0,0.0,6.842349,0.0,0.0,66.818565,11.952261,24.268671
0.0,0.0,0.0,22.058313,0.0,0.0,48.178146,0.0,0.0,0.61682236,8.418212,0.0,0.0,0.0,12.132986,0.0,0.0,44.140453,1.1154021,33.28605
0.0,0.0,0.0,22.43741,0.0,0.0,49.745842,0.0,0.0,19.02706,11.298368,0.0,0.0,0.0,11.858766,0.0,0.0,56.181496,11.892526,9.374397
0.0,0.0,4.889182,59.12442,0.0,0.0,91.69521,0.0,0.0,41.13155,33.196083,0.0,0.0,7.9800806,1.4935517,0.0,0.0,82.63314,24.478245,8.614216
0.0,0.0,0.0,39.051273,0.0,0.0,62.508034,0.0,0.0,11.778771,16.043375,0.0,0.0,0.0,6.585351,0.0,0.0,55.645603,11.57101,24.66075
0.0,0.0,0.0,50.724365,0.0,0.0,78.4948,0.0,0.0,21.896687,30.127213,0.0,0.0,0.0,3.198055,0.0,0.0,70.966415,13.266536,23.40271
0.0,0.0,0.0,39.64358,0.0,0.0,67.714714,0.0,0.0,8.392114,18.942753,0.0,0.0,0.0,9.291084,0.0,0.0,61.659004,7.2489204,35.302074
0.0,0.0,0.0,36.584858,0.0,0.0,66.25852,0.0,0.0,4.1766915,21.726152,0.0,0.0,0.0,10.470221,0.0,0.0,63.813965,2.7490215,39.13283
0.0,0.0,0.0,27.97702,0.0,0.0,62.075436,0.0,0.0,18.796228,14.931182,0.0,0.0,0.0,14.509022,0.0,0.0,70.20262,11.904952,18.696955
0.0,0.0,0.0,27.878088,0.0,0.0,59.835686,0.0,0.0,0.0,7.7846956,0.0,0.0,0.0,16.322285,0.0,0.0,54.680363,2.1097171,43.38891
0.0,0.0,0.0,45.083046,0.0,0.0,73.73147,0.0,0.0,0.24466273,22.371449,0.0,0.0,0.0,6.3726335,0.0,0.0,61.742165,2.4193656,47.696598
0.0,0.0,0.0,28.059103,0.0,0.0,58.040844,0.0,0.0,2.0107641,12.4639635,0.0,0.0,0.0,13.0804405,0.0,0.0,53.109646,1.375315,38.958862
0.0,0.0,0.0,23.35928,0.0,0.0,52.111774,0.0,0.0,20.474714,6.4885287,0.0,0.0,0.0,13.652927,0.0,0.0,51.565674,12.663465,14.181933
0.0,0.0,0.0,20.751772,0.0,0.0,54.91869,0.0,0.0,21.29176,9.371362,0.0,0.0,0.0,17.448023,0.0,0.0,60.178585,11.27749,17.58793
0.0,0.0,0.0,32.570168,0.0,0.0,60.753654,0.0,0.0,8.578491,17.203083,0.0,0.0,0.0,9.003579,0.0,0.0,59.467922,6.138881,27.943378
0.0,0.0,0.0,39.040092,0.0,0.0,67.6525,0.0,0.0,10.279993,18.565168,0.0,0.0,0.0,8.277339,0.0,0.0,59.055878,6.9045115,32.418053
0.0,0.0,0.0,42.247192,0.0,0.0,69.53811,0.0,0.0,12.949551,20.1553,0.0,0.0,0.0,5.7722645,0.0,0.0,59.211872,8.832745,29.35906
0.0,0.0,0.0,36.954292,0.0,0.0,73.71896,0.0,0.0,28.348381,21.551008,0.0,0.0,0.0,12.355926,0.0,0.0,75.98893,15.561126,15.097027
0.0,0.0,0.0,12.999384,0.0,0.0,45.085953,0.0,0.0,0.0,0.09374273,0.0,0.0,0.0,21.459925,0.0,0.0,46.703327,0.0,50.398632
0.0,0.0,0.0,40.10855,0.0,0.0,72.604546,0.0,0.0,34.888557,22.510101,0.0,0.0,0.9384072,9.583638,0.0,0.0,68.874176,18.485361,9.405379
0.0,0.0,0.0,36.288082,0.0,0.0,62.05432,0.0,0.0,2.7306547,16.30071,0.0,0.0,0.0,7.4248986,0.0,0.0,53.562172,4.150133,35.65172
0.0,0.0,0.0,37.8321,0.0,0.0,68.331215,0.0,0.0,17.034021,18.83219,0.0,0.0,0.0,9.072005,0.0,0.0,62.025707,10.278816,25.956558
0.0,0.0,0.0,35.906986,0.0,0.0,63.78555,0.0,0.0,1.4654193,20.444231,0.0,0.0,0.0,8.774286,0.0,0.0,55.12515,0.0,41.809536
0.0,0.0,0.0,33.629433,0.0,0.0,61.4124,0.0,0.0,0.4617995,16.908113,0.0,0.0,0.0,9.206764,0.0,0.0,57.55906,1.8010374,39.10705
0.0,0.0,0.0,29.87402,0.0,0.0,58.21175,0.0,0.0,2.0849652,10.066539,0.0,0.0,0.0,12.661456,0.0,0.0,53.311962,3.6007943,37.870747
0.0,0.0,0.0,37.06109,0.0,0.0,64.14106,0.0,0.0,0.30321974,16.038382,0.0,0.0,0.0,8.61761,0.0,0.0,52.028038,1.4464606,42.781925
0.0,0.0,0.0,33.620598,0.0,0.0,62.08795,0.0,0.0,10.271776,17.936445,0.0,0.0,0.0,8.751217,0.0,0.0,60.371666,6.9655232,26.989231
0.0,0.0,4.3214254,40.61892,0.0,0.0,68.35344,0.0,0.0,32.829914,18.61547,0.0,0.0,3.5002718,6.66553,0.0,0.0,65.92672,22.160969,3.8041954
0.0,0.0,0.0,41.88947,0.0,0.0,74.43259,0.0,0.0,10.9884405,18.778204,0.0,0.0,0.0,9.232602,0.0,0.0,66.46366,8.485753,35.17754
0.0,0.0,0.0,47.46696,0.0,0.0,73.74777,0.0,0.0,10.931599,26.650879,0.0,0.0,0.0,4.1767135,0.0,0.0,62.63321,6.1605663,35.008007
0.0,0.0,0.0,45.56418,0.0,0.0,74.21764,0.0,0.0,15.746825,22.439009,0.0,0.0,0.0,6.3612823,0.0,0.0,61.38582,9.097523,32.06511
0.0,0.0,0.0,40.411427,0.0,0.0,65.80113,0.0,0.0,0.0,19.166485,0.0,0.0,0.0,6.8261185,0.0,0.0,50.71181,0.0,48.080532
0.0,0.0,0.0,40.037224,0.0,0.0,67.48165,0.0,0.0,0.0,20.68397,0.0,0.0,0.0,7.51836,0.0,0.0,56.05915,0.0,51.70964
0.0,0.0,0.0,30.739418,0.0,0.0,56.808445,0.0,0.0,7.119788,13.101495,0.0,0.0,0.0,8.812376,0.0,0.0,51.127872,5.942665,28.603022
0.0,0.0,0.0,37.305786,0.0,0.0,72.63245,0.0,0.0,17.784359,17.620834,0.0,0.0,0.0,13.708347,0.0,0.0,67.16755,10.187082,30.445276
0.0,0.0,0.0,27.2154,0.0,0.0,58.575935,0.0,0.0,0.355219,11.848316,0.0,0.0,0.0,14.062871,0.0,0.0,54.41989,0.3380606,41.421402
0.0,0.0,3.0838938,34.581608,0.0,0.0,62.89939,0.0,0.0,30.143457,12.616338,0.0,0.0,0.0,10.362305,0.0,0.0,59.801388,19.223042,7.597443
0.0,0.0,0.0,21.798767,0.0,0.0,55.45963,0.0,0.0,2.7256076,10.711272,0.0,0.0,0.0,17.704367,0.0,0.0,56.6564,0.85982287,37.325874
0.0,0.0,0.0,40.288197,0.0,0.0,71.17763,0.0,0.0,15.67339,22.322756,0.0,0.0,0.0,7.972407,0.0,0.0,63.935024,8.821833,28.944508
0.0,0.0,0.0,48.474735,0.0,0.0,76.452354,0.0,0.0,19.068365,28.434908,0.0,0.0,0.0,3.2299604,0.0,0.0,66.28823,10.907234,26.48468
0.0,0.0,0.0,38.74369,0.0,0.0,64.6975,0.0,0.0,10.050339,20.606077,0.0,0.0,0.0,5.9073133,0.0,0.0,56.05416,6.3625274,30.40882
0.0,0.0,0.0,49.21645,0.0,0.0,78.23894,0.0,0.0,20.669596,30.392738,0.0,0.0,0.0,3.5230134,0.0,0.0,68.21443,10.709526,26.103565
0.0,0.0,0.0,41.14832,0.0,0.0,71.24732,0.0,0.0,14.33216,21.760197,0.0,0.0,0.0,7.4248085,0.0,0.0,63.278553,8.688266,29.198719
0.0,0.0,0.0,14.599148,0.0,0.0,42.35886,0.0,0.0,19.291176,4.9876027,0.0,0.0,0.0,15.491772,0.0,0.0,44.77079,9.28682,11.956284
0.0,0.0,0.0,25.55435,0.0,0.0,55.538094,0.0,0.0,12.158619,8.823328,0.0,0.0,0.0,13.341037,0.0,0.0,53.76357,7.8157997,25.624195
0.0,0.0,0.0,27.5206,0.0,0.0,52.423843,0.0,0.0,11.561599,7.62196,0.0,0.0,0.0,9.405482,0.0,0.0,49.647972,10.348374,20.125435
0.0,0.0,2.6212304,30.83619,0.0,0.0,57.308426,0.0,0.0,30.241945,12.864286,0.0,0.0,2.5917692,9.167156,0.0,0.0,59.05801,20.39737,0.78691274
0.0,0.0,0.0,46.602512,0.0,0.0,75.6575,0.0,0.0,22.420033,26.019999,0.0,0.0,0.0,5.36197,0.0,0.0,66.23409,12.096521,24.126442
0.0,0.0,0.0,54.979733,0.0,0.0,82.44132,0.0,0.0,14.198794,28.728704,0.0,0.0,0.0,0.9099102,0.0,0.0,68.745804,11.11027,32.867844
0.0,0.0,0.0,34.935326,0.0,0.0,63.64427,0.0,0.0,0.55413055,17.901,0.0,0.0,0.0,9.670457,0.0,0.0,54.447567,0.30127588,43.239025
0.0,0.0,0.0,34.303787,0.0,0.0,60.916664,0.0,0.0,14.611186,9.572843,0.0,0.0,0.0,10.281373,0.0,0.0,52.60249,12.586636,23.220861
0.0,0.0,0.0,15.628143,0.0,0.0,48.716045,0.0,0.0,19.58829,1.1851888,0.0,0.0,0.0,19.26661,0.0,0.0,50.561428,11.629858,15.725724
0.0,0.0,0.0,25.187912,0.0,0.0,59.90824,0.0,0.0,19.049067,9.829075,0.0,0.0,0.0,15.960055,0.0,0.0,61.834305,11.229034,20.407057
0.0,0.0,0.0,37.575066,0.0,0.0,64.388695,0.0,0.0,13.229449,20.746893,0.0,0.0,0.0,7.362783,0.0,0.0,57.341747,7.736426,27.80683
0.0,0.0,0.0,31.445154,0.0,0.0,66.088715,0.0,0.0,10.0559225,15.15485,0.0,0.0,0.0,15.243421,0.0,0.0,62.104156,4.620381,36.44042
0.0,0.0,0.0,37.065823,0.0,0.0,65.56404,0.0,0.0,5.157542,19.249311,0.0,0.0,0.0,8.797712,0.0,0.0,56.915684,3.047555,38.6449
0.0,0.0,0.0,23.590803,0.0,0.0,51.93336,0.0,0.0,0.7559304,12.333778,0.0,0.0,0.0,12.965929,0.0,0.0,50.09854,0.0,36.124264
0.0,0.0,0.0,21.58108,0.0,0.0,54.735085,0.0,0.0,13.943385,6.5336285,0.0,0.0,0.0,15.731389,0.0,0.0,60.10537,9.937872,20.130985
0.0,0.0,0.0,16.17631,0.0,0.0,44.154007,0.0,0.0,5.4303555,0.0,0.0,0.0,0.0,16.53046,0.0,0.0,42.11068,7.2586093,25.236473
0.0,0.0,0.0,21.784155,0.0,0.0,57.711525,0.0,0.0,11.70637,10.115082,0.0,0.0,0.0,18.54109,0.0,0.0,62.31135,6.2045283,28.872818
0.0,0.0,0.0,35.5594,0.0,0.0,68.89083,0.0,0.0,22.983965,17.391987,0.0,0.0,0.0,12.117661,0.0,0.0,65.77705,13.241875,21.410168
0.0,0.0,0.0,29.450603,0.0,0.0,59.028675,0.0,0.0,7.192801,18.711784,0.0,0.0,0.0,10.809713,0.0,0.0,56.477024,2.442008,32.60696
0.0,0.0,0.0,22.404936,0.0,0.0,51.732018,0.0,0.0,10.564337,7.084002,0.0,0.0,0.0,13.532272,0.0,0.0,50.963886,7.686549,23.052004
0.0,0.0,0.0,40.931908,0.0,0.0,71.59859,0.0,0.0,7.992879,21.910282,0.0,0.0,0.0,8.719189,0.0,0.0,62.49201,4.52607,39.09929
0.0,0.0,0.0,32.55197,0.0,0.0,59.742653,0.0,0.0,0.0,16.952415,0.0,0.0,0.0,9.248922,0.0,0.0,52.70125,0.0,45.443886
0.0,0.0,0.0,32.076546,0.0,0.0,57.42357,0.0,0.0,10.812794,11.451781,0.0,0.0,0.0,10.792766,0.0,0.0,55.128895,11.686717,23.495417
0.0,0.0,0.0,32.186237,0.0,0.0,62.241505,0.0,0.0,6.698353,13.227666,0.0,0.0,0.0,11.819726,0.0,0.0,57.590134,5.6071353,33.79356
0.0,0.0,0.0,38.69731,0.0,0.0,68.70621,0.0,0.0,9.559002,16.14101,0.0,0.0,0.0,8.653176,0.0,0.0,58.829994,8.046907,34.76453
0.0,0.0,0.0,53.8166,0.0,0.0,85.18652,0.0,0.0,28.626852,29.959145,0.0,0.0,0.0,3.9562173,0.0,0.0,74.58119,16.52047,21.020231
0.0,0.0,0.0,27.584675,0.0,0.0,55.530254,0.0,0.0,0.0,10.562788,0.0,0.0,0.0,12.392693,0.0,0.0,47.998856,0.0,52.74919
0.0,0.0,0.0,27.191298,0.0,0.0,53.119698,0.0,0.0,0.0,13.476223,0.0,0.0,0.0,12.831253,0.0,0.0,51.70108,0.0,45.034874
0.0,0.0,0.0,27.191298,0.0,0.0,53.119698,0.0,0.0,0.0,13.476223,0.0,0.0,0.0,12.831253,0.0,0.0,51.70108,0.0,45.034874
0.0,0.0,1.344378,28.783655,0.0,0.0,57.156834,0.0,0.0,31.802616,12.956805,0.0,0.0,6.7581024,11.145339,0.0,0.0,66.44054,22.259563,0.0
0.0,0.0,0.0,31.91365,0.0,0.0,56.145813,0.0,0.0,15.689926,7.337868,0.0,0.0,0.0,9.7868,0.0,0.0,56.46878,16.223507,14.200296
0.0,0.0,0.0,39.48463,0.0,0.0,68.39024,0.0,0.0,13.740112,14.552886,0.0,0.0,0.0,8.746181,0.0,0.0,65.82584,13.894487,24.228971
0.0,0.0,0.0,35.981792,0.0,0.0,64.55286,0.0,0.0,16.632895,13.21659,0.0,0.0,0.0,9.413644,0.0,0.0,61.69125,14.108004,20.370663
0.0,0.0,0.0,27.979074,0.0,0.0,55.229965,0.0,0.0,0.91547984,8.337166,0.0,0.0,0.0,11.272809,0.0,0.0,57.41545,6.001327,31.277464
0.0,0.0,0.0,35.22993,0.0,0.0,63.167107,0.0,0.0,18.870047,17.332808,0.0,0.0,0.0,8.654332,0.0,0.0,61.072235,11.810771,20.953566
0.0,0.0,0.0,40.552727,0.0,0.0,67.26704,0.0,0.0,5.422191,17.242311,0.0,0.0,0.0,6.5705004,0.0,0.0,57.037827,6.8058386,36.14605
0.0,0.0,0.0,45.354668,0.0,0.0,74.16406,0.0,0.0,19.177567,20.474092,0.0,0.0,0.0,5.6526504,0.0,0.0,65.691246,13.841689,24.554928
0.0,0.0,0.0,35.944355,0.0,0.0,63.694008,0.0,0.0,2.714255,12.367417,0.0,0.0,0.0,11.537201,0.0,0.0,60.205025,6.655662,36.534626
0.0,0.0,0.0,26.668098,0.0,0.0,51.210552,0.0,0.0,8.897907,6.2360787,0.0,0.0,0.0,11.46312,0.0,0.0,54.42734,11.665638,19.008799
0.0,0.0,0.0,22.158495,0.0,0.0,42.65928,0.0,0.0,3.6668289,7.9177713,0.0,0.0,0.0,8.5995245,0.0,0.0,45.59411,6.0517936,19.72154
0.0,0.0,0.0,38.400925,0.0,0.0,63.574615,0.0,0.0,7.661705,12.205448,0.0,0.0,0.0,8.78667,0.0,0.0,57.81565,10.55928,29.512192
0.0,0.0,0.0,47.83312,0.0,0.0,81.60409,0.0,0.0,32.5964,26.260986,0.0,0.0,0.0,7.4658794,0.0,0.0,73.62761,17.873135,17.508942
0.0,0.0,0.0,22.554113,0.0,0.0,44.69593,0.0,0.0,3.956227,7.825003,0.0,0.0,0.0,9.571975,0.0,0.0,48.68068,6.4602857,20.472488
0.0,0.0,0.0,29.192015,0.0,0.0,57.82101,0.0,0.0,28.568472,15.9555025,0.0,0.0,5.0696588,9.259623,0.0,0.0,63.629044,17.62558,3.1011221
0.0,0.0,5.7144194,51.75988,0.0,0.0,78.54473,0.0,0.0,37.550797,28.647203,0.0,0.0,10.666834,1.5841467,0.0,0.0,74.71755,24.536392,2.0022388
0.0,0.0,0.0,21.161112,0.0,0.0,49.525352,0.0,0.0,19.521467,6.8118534,0.0,0.0,0.0,14.671041,0.0,0.0,56.73088,14.977431,8.545389
0.0,0.0,0.0,51.662514,0.0,0.0,83.682785,0.0,0.0,26.558615,26.448837,0.0,0.0,0.0,5.029752,0.0,0.0,72.76105,16.133501,22.567545
0.0,0.0,0.0,39.53512,0.0,0.0,65.96502,0.0,0.0,7.4330854,13.989817,0.0,0.0,0.0,8.571183,0.0,0.0,58.152145,8.991631,33.224915
0.0,0.0,0.0,27.508818,0.0,0.0,56.051956,0.0,0.0,15.880096,13.704809,0.0,0.0,0.0,10.427712,0.0,0.0,61.58076,11.58598,14.734579
0.0,0.0,0.0,48.323677,0.0,0.0,73.63721,0.0,0.0,19.685368,26.398546,0.0,0.0,0.0,1.9243095,0.0,0.0,64.50921,13.261976,21.706392
0.0,0.0,0.0,36.08834,0.0,0.0,63.166214,0.0,0.0,16.084095,13.878711,0.0,0.0,0.0,9.296863,0.0,0.0,61.098373,13.640236,19.420912
0.0,0.0,1.2355448,34.75786,0.0,0.0,58.142868,0.0,0.0,26.004005,15.951105,0.0,0.0,4.2196164,5.876545,0.0,0.0,60.764336,19.055254,2.6944964
0.0,0.0,0.0,33.329456,0.0,0.0,63.223072,0.0,0.0,7.8345184,16.587336,0.0,0.0,0.0,11.36899,0.0,0.0,60.177666,6.1160693,32.891853
0.0,0.0,0.0,28.999626,0.0,0.0,53.80939,0.0,0.0,0.0,11.48086,0.0,0.0,0.0,9.460533,0.0,0.0,48.27494,0.11928118,39.195557
0.0,0.0,0.0,45.249466,0.0,0.0,72.71896,0.0,0.0,25.373117,24.22188,0.0,0.0,0.0,4.489475,0.0,0.0,68.07812,16.589468,14.008255
0.0,0.0,0.0,29.345055,0.0,0.0,52.552666,0.0,0.0,10.517766,8.417568,0.0,0.0,0.0,10.053246,0.0,0.0,55.464443,13.101512,17.08564
0.0,0.0,0.0,21.82162,0.0,0.0,46.49522,0.0,0.0,11.865823,6.1838427,0.0,0.0,0.0,11.5125,0.0,0.0,48.46205,10.691193,15.230577
0.0,0.0,0.0,38.51744,0.0,0.0,65.44903,0.0,0.0,20.082186,16.20548,0.0,0.0,0.0,8.054918,0.0,0.0,67.72235,17.349722,13.441828
0.0,0.0,0.0,22.500605,0.0,0.0,52.878506,0.0,0.0,1.3237486,5.128629,0.0,0.0,0.0,15.5921545,0.0,0.0,53.824306,3.6916225,34.608948
0.0,0.0,0.0,39.620247,0.0,0.0,71.1018,0.0,0.0,28.447018,20.880623,0.0,0.0,4.80757,7.929765,0.0,0.0,76.86166,19.854914,7.455086
0.0,0.0,0.0,28.714424,0.0,0.0,58.24148,0.0,0.0,9.029215,14.992016,0.0,0.0,0.0,11.471219,0.0,0.0,60.801487,6.477146,26.788052
0.0,0.0,0.0,39.67668,0.0,0.0,68.94762,0.0,0.0,14.431146,13.598177,0.0,0.0,0.0,9.662567,0.0,0.0,61.51176,13.401294,27.458097
0.0,0.0,6.519911,33.763977,0.0,0.0,56.991695,0.0,0.0,30.91871,13.400308,0.0,0.0,5.9211717,6.9540315,0.0,0.0,59.032406,22.692636,0.0
0.0,0.0,0.0,40.435993,0.0,0.0,67.54378,0.0,0.0,14.091961,13.609406,0.0,0.0,0.0,7.7437854,0.0,0.0,58.28037,12.81395,26.773659
0.0,0.0,0.0,36.43131,0.0,0.0,62.028862,0.0,0.0,0.0,14.65131,0.0,0.0,0.0,7.9113455,0.0,0.0,52.70047,1.1057516,43.98714
0.0,0.0,0.0,38.21794,0.0,0.0,63.557434,0.0,0.0,16.649992,13.811822,0.0,0.0,0.0,7.2989116,0.0,0.0,62.162365,15.542316,16.951319
0.0,0.0,0.0,28.21208,0.0,0.0,56.973686,0.0,0.0,27.698975,14.929482,0.0,0.0,4.436124,10.54969,0.0,0.0,63.60166,17.006437,2.9791148
0.0,0.0,0.0,27.804266,0.0,0.0,63.428165,0.0,0.0,20.519638,13.40025,0.0,0.0,0.0,16.045506,0.0,0.0,70.62381,12.461991,19.301315
0.0,0.0,0.0,15.979103,0.0,0.0,43.361656,0.0,0.0,0.0,0.0,0.0,0.0,0.0,17.752966,0.0,0.0,53.520325,5.940174,28.899572
0.0,0.0,0.0,39.998592,0.0,0.0,67.20019,0.0,0.0,11.313009,18.28313,0.0,0.0,0.0,7.7900577,0.0,0.0,61.829273,10.004124,27.789286
0.0,0.0,0.0,37.900738,0.0,0.0,62.12373,0.0,0.0,14.099237,13.070899,0.0,0.0,0.0,6.8972335,0.0,0.0,57.261288,13.696367,20.488186
0.0,0.0,0.0,35.009968,0.0,0.0,64.7659,0.0,0.0,12.45695,13.965993,0.0,0.0,0.0,11.113859,0.0,0.0,65.213745,11.939362,24.013346
0.0,0.0,0.0,27.61499,0.0,0.0,51.130116,0.0,0.0,4.281049,9.966269,0.0,0.0,0.0,11.089058,0.0,0.0,50.503452,7.113239,27.257147
0.0,0.0,0.0,22.905043,0.0,0.0,52.122967,0.0,0.0,0.0,4.695867,0.0,0.0,0.0,15.881178,0.0,0.0,51.96849,2.6789396,37.05046
0.0,0.0,0.0,32.303394,0.0,0.0,60.953964,0.0,0.0,12.144303,13.871295,0.0,0.0,0.0,11.134357,0.0,0.0,57.755196,9.063984,26.942024
0.0,0.0,0.0,39.884636,0.0,0.0,64.65679,0.0,0.0,17.404228,13.53901,0.0,0.0,0.0,6.7849445,0.0,0.0,61.717194,16.676796,16.378986
0.0,0.0,0.0,33.28198,0.0,0.0,57.980217,0.0,0.0,8.006673,16.717258,0.0,0.0,0.0,6.625602,0.0,0.0,54.650448,7.1817727,25.391644
0.0,0.0,0.0,41.644928,0.0,0.0,72.22839,0.0,0.0,26.14471,20.756493,0.0,0.0,0.0,7.769136,0.0,0.0,70.51435,17.11791,13.883684
0.0,0.0,0.0,36.574085,0.0,0.0,62.657303,0.0,0.0,14.925823,15.025126,0.0,0.0,0.0,7.3537817,0.0,0.0,60.33328,12.569706,21.01771
0.0,0.0,0.8868795,51.779583,0.0,0.0,77.01683,0.0,0.0,30.825563,30.853407,0.0,0.0,9.579081,0.004873973,0.0,0.0,74.61952,19.60801,7.505079
0.0,0.0,4.2486987,28.66437,0.0,0.0,56.470005,0.0,0.0,33.773712,14.602616,0.0,0.0,5.057417,10.7203,0.0,0.0,58.5974,19.461025,0.0
0.0,0.0,5.4253454,48.600292,0.0,0.0,73.584236,0.0,0.0,33.64465,23.045872,0.0,0.0,5.4478908,3.707252,0.0,0.0,72.07529,24.464836,3.1825125
0.0,0.0,0.0,31.82551,0.0,0.0,59.67084,0.0,0.0,21.27162,10.810611,0.0,0.0,0.0,10.137307,0.0,0.0,61.407536,17.05299,11.026693
0.0,0.0,0.0,38.81192,0.0,0.0,63.96032,0.0,0.0,13.173285,19.45385,0.0,0.0,0.0,6.7037897,0.0,0.0,62.174923,10.961461,22.877577
0.0,0.0,7.721141,61.646626,0.0,0.0,90.8139,0.0,0.0,41.08725,32.668957,0.0,0.0,11.799679,0.9350717,0.0,0.0,86.80028,28.818716,2.824589
0.0,0.0,0.0,23.774149,0.0,0.0,48.51049,0.0,0.0,14.083469,6.314348,0.0,0.0,0.0,10.67358,0.0,0.0,56.638306,14.158829,9.384229
0.0,0.0,0.0,42.60331,0.0,0.0,75.01148,0.0,0.0,17.777552,19.435171,0.0,0.0,0.0,10.107479,0.0,0.0,68.30419,11.671781,31.038198
0.0,0.0,0.0,26.413614,0.0,0.0,58.701736,0.0,0.0,20.876263,15.22013,0.0,0.0,1.2817352,13.684767,0.0,0.0,74.25444,15.309288,8.756912
0.0,0.0,0.0,36.45479,0.0,0.0,58.787098,0.0,0.0,16.545786,13.266026,0.0,0.0,0.0,5.9797516,0.0,0.0,56.41066,15.330239,13.995888
0.0,0.0,0.0,14.596057,0.0,0.0,43.978848,0.0,0.0,7.207072,0.0,0.0,0.0,0.0,17.579834,0.0,0.0,50.577396,9.729392,19.755564
0.0,0.0,6.915727,35.469334,0.0,0.0,61.31163,0.0,0.0,34.48727,16.656511,0.0,0.0,6.879951,6.8428593,0.0,0.0,61.436226,22.127823,0.0
0.0,0.0,0.0,28.469776,0.0,0.0,50.849384,0.0,0.0,4.6293793,14.20705,0.0,0.0,0.0,7.2214804,0.0,0.0,51.591618,5.7450495,23.517702
0.0,0.0,0.0,33.579678,0.0,0.0,69.518814,0.0,0.0,21.583231,20.535496,0.0,0.0,0.0,13.586237,0.0,0.0,71.16874,10.802479,23.55837
0.0,0.0,3.5281184,43.874695,0.0,0.0,72.06065,0.0,0.0,32.926594,21.006413,0.0,0.0,1.4861507,6.3580823,0.0,0.0,67.8573,20.926445,7.9104533
0.0,0.0,0.0,39.64416,0.0,0.0,66.51622,0.0,0.0,13.934044,20.475582,0.0,0.0,0.0,6.690939,0.0,0.0,56.864647,8.042952,28.96568
0.0,0.0,0.0,31.76022,0.0,0.0,61.176716,0.0,0.0,27.191824,17.869213,0.0,0.0,2.5561957,10.181406,0.0,0.0,68.86438,18.398376,5.288462
0.0,0.0,0.0,35.939125,0.0,0.0,66.10614,0.0,0.0,20.971415,19.250212,0.0,0.0,0.0,9.313754,0.0,0.0,69.737976,14.748204,15.000011
0.0,0.0,5.06602,28.581755,0.0,0.0,52.633003,0.0,0.0,28.045681,9.326725,0.0,0.0,3.5700831,8.056585,0.0,0.0,56.108665,20.806023,0.0
0.0,0.0,12.053026,41.8408,0.0,0.0,68.09867,0.0,0.0,40.096012,18.16935,0.0,0.0,11.396225,5.4498544,0.0,0.0,68.63072,28.034357,0.0
0.0,0.0,0.0,47.340263,0.0,0.0,76.64913,0.0,0.0,15.185155,23.809305,0.0,0.0,0.0,5.865625,0.0,0.0,70.94824,11.939531,27.600567
0.0,0.0,0.0,49.674988,0.0,0.0,77.99652,0.0,0.0,18.754728,23.286486,0.0,0.0,0.0,5.2019815,0.0,0.0,68.788666,14.881304,25.578152
0.0,0.0,0.0,45.20349,0.0,0.0,74.890396,0.0,0.0,16.828241,20.130796,0.0,0.0,0.0,7.284977,0.0,0.0,69.81346,14.666894,25.183153
0.0,0.0,0.0,47.50515,0.0,0.0,76.30429,0.0,0.0,24.840935,16.893547,0.0,0.0,0.0,7.66421,0.0,0.0,68.334755,20.281075,18.541533
0.0,0.0,0.0,45.505775,0.0,0.0,70.62493,0.0,0.0,14.391546,27.545055,0.0,0.0,0.0,2.6278484,0.0,0.0,65.78914,9.585744,24.332266
0.0,0.0,0.0,25.862976,0.0,0.0,56.468796,0.0,0.0,29.495638,10.531945,0.0,0.0,1.8127713,14.27319,0.0,0.0,64.88857,19.356146,2.5374298
0.0,0.0,0.0,23.614569,0.0,0.0,58.13271,0.0,0.0,15.876044,12.3888645,0.0,0.0,0.0,15.580738,0.0,0.0,63.805363,9.18698,20.41598
0.0,0.0,0.0,22.351845,0.0,0.0,51.438366,0.0,0.0,12.010281,5.3976603,0.0,0.0,0.0,13.923133,0.0,0.0,55.644386,11.168078,18.95515
0.0,0.0,3.201532,25.482492,0.0,0.0,52.609837,0.0,0.0,34.092113,14.378754,0.0,0.0,13.105018,10.106254,0.0,0.0,62.465218,21.276066,0.0
0.0,0.0,0.0,16.639406,0.0,0.0,41.416416,0.0,0.0,12.012915,3.4264429,0.0,0.0,0.0,12.697754,0.0,0.0,48.770294,10.499003,11.821856
0.0,0.0,0.0,44.755806,0.0,0.0,72.85325,0.0,0.0,13.429917,22.448647,0.0,0.0,0.0,4.9793262,0.0,0.0,65.02962,10.494931,28.618574
0.0,0.0,9.093225,64.79564,0.0,0.0,91.7488,0.0,0.0,42.540176,36.6709,0.0,0.0,13.742229,0.0,0.0,0.0,84.539314,28.051577,2.3504097
0.0,0.0,0.0,22.665926,0.0,0.0,53.00988,0.0,0.0,23.104109,9.659641,0.0,0.0,0.0,14.763117,0.0,0.0,60.07058,15.478085,9.165155
0.0,0.0,0.0,34.989403,0.0,0.0,72.829956,0.0,0.0,7.521451,20.79572,0.0,0.0,0.0,14.900406,0.0,0.0,75.17748,4.7502503,38.45653
0.0,0.0,0.0,33.761757,0.0,0.0,62.74373,0.0,0.0,18.302036,11.795131,0.0,0.0,0.0,12.319664,0.0,0.0,62.803185,15.297207,19.159496
0.0,0.0,0.22008866,41.19202,0.0,0.0,64.169586,0.0,0.0,25.774155,20.090412,0.0,0.0,6.2241883,4.595957,0.0,0.0,68.2581,21.188852,3.2332785
0.0,0.0,0.0,37.20058,0.0,0.0,59.648376,0.0,0.0,11.475991,19.234398,0.0,0.0,0.0,5.985587,0.0,0.0,60.6337,11.649503,20.290392
0.0,0.0,5.591037,35.26748,0.0,0.0,62.062256,0.0,0.0,34.773876,17.298843,0.0,0.0,7.9302387,7.726175,0.0,0.0,64.59853,22.85884,0.0
0.0,0.0,8.507822,47.0646,0.0,0.0,70.41358,0.0,0.0,32.158062,18.572296,0.0,0.0,0.7234743,2.7814412,0.0,0.0,62.943108,23.980774,4.7984753
0.0,0.0,0.0,26.853376,0.0,0.0,60.52199,0.0,0.0,28.445105,17.808435,0.0,0.0,0.0,13.798782,0.0,0.0,65.10535,13.119091,11.332778
0.0,0.0,0.0,45.636757,0.0,0.0,71.02763,0.0,0.0,22.56948,26.619614,0.0,0.0,0.0,3.7286975,0.0,0.0,70.49886,16.68941,13.916666
0.0,0.0,0.0,36.61954,0.0,0.0,60.527424,0.0,0.0,18.805231,13.913419,0.0,0.0,0.0,7.09051,0.0,0.0,61.916786,17.142187,11.602983
0.0,0.0,0.0,20.706053,0.0,0.0,47.885677,0.0,0.0,8.698342,8.589175,0.0,0.0,0.0,12.697561,0.0,0.0,54.157513,7.527767,19.25059
0.0,0.0,0.0,30.447157,0.0,0.0,62.251354,0.0,0.0,12.227724,11.583268,0.0,0.0,0.0,12.943981,0.0,0.0,61.90496,9.606566,25.773165
0.0,0.0,0.0,43.20435,0.0,0.0,68.16405,0.0,0.0,0.0,20.864342,0.0,0.0,0.0,6.298472,0.0,0.0,60.85768,2.5128152,43.278862
0.0,0.0,0.0,24.033907,0.0,0.0,58.063652,0.0,0.0,5.9350486,7.6444006,0.0,0.0,0.0,17.98631,0.0,0.0,63.739414,7.185523,30.622894
0.0,0.0,0.0,38.187546,0.0,0.0,64.93404,0.0,0.0,8.289765,15.755281,0.0,0.0,0.0,7.680621,0.0,0.0,55.89292,7.9716525,31.736609
0.0,0.0,7.056115,36.03424,0.0,0.0,58.161514,0.0,0.0,32.783215,18.04221,0.0,0.0,11.665558,4.712562,0.0,0.0,61.378456,22.937738,0.0
0.0,0.0,0.0,48.194347,0.0,0.0,73.87219,0.0,0.0,13.354868,17.058205,0.0,0.0,0.0,5.4767814,0.0,0.0,62.172745,14.126525,28.830544
0.0,0.0,0.0,25.836178,0.0,0.0,48.739643,0.0,0.0,16.937418,9.36379,0.0,0.0,0.0,8.640471,0.0,0.0,49.313583,12.93776,10.956222
0.0,0.0,0.0,29.27679,0.0,0.0,55.056793,0.0,0.0,13.978862,7.229953,0.0,0.0,0.0,10.818954,0.0,0.0,51.971916,12.225825,19.457977
0.0,0.0,0.0,33.547516,0.0,0.0,66.058975,0.0,0.0,34.706303,21.413065,0.0,0.0,13.679466,9.864195,0.0,0.0,74.78558,20.237545,0.0
0.0,0.0,0.0,17.859125,0.0,0.0,41.00257,0.0,0.0,1.0651515,4.918239,0.0,0.0,0.0,13.840115,0.0,0.0,43.36109,3.5977201,27.012173
0.0,0.0,3.301287,40.457806,0.0,0.0,62.906506,0.0,0.0,27.132582,18.53452,0.0,0.0,5.480576,3.6853056,0.0,0.0,63.886555,20.862152,3.038435
0.0,0.0,4.279898,34.62443,0.0,0.0,60.134342,0.0,0.0,32.20535,17.481422,0.0,0.0,8.882962,5.664273,0.0,0.0,63.47993,21.06209,0.0
0.0,0.0,0.0,37.762417,0.0,0.0,63.84362,0.0,0.0,14.015771,18.997635,0.0,0.0,0.0,6.2181325,0.0,0.0,59.638912,10.1480875,22.463522
0.0,0.0,0.0,31.46013,0.0,0.0,60.10184,0.0,0.0,14.484424,12.2891035,0.0,0.0,0.0,12.272236,0.0,0.0,58.757816,11.1487665,23.984915
0.0,0.0,9.921765,20.922777,0.0,0.0,47.406116,0.0,0.0,36.069252,7.105653,0.0,0.0,10.16174,10.800084,0.0,0.0,51.879448,22.025032,0.0
0.0,0.0,0.0,40.847645,0.0,0.0,66.45323,0.0,0.0,11.433006,14.712395,0.0,0.0,0.0,7.0026364,0.0,0.0,55.306263,11.006993,28.595106
0.0,0.0,0.46319133,40.87425,0.0,0.0,63.063026,0.0,0.0,25.310915,21.091894,0.0,0.0,2.8682194,2.4029078,0.0,0.0,60.35141,17.64031,7.2266145
0.0,0.0,0.0,34.7269,0.0,0.0,61.41634,0.0,0.0,1.0623918,12.514428,0.0,0.0,0.0,10.2174,0.0,0.0,56.037663,5.7437506,36.09124
0.0,0.0,0.0,19.618076,0.0,0.0,47.41803,0.0,0.0,19.447548,7.1456428,0.0,0.0,0.0,13.391929,0.0,0.0,55.14617,14.15293,6.8721204
0.0,0.0,0.0,37.00924,0.0,0.0,65.95721,0.0,0.0,20.770214,17.637014,0.0,0.0,0.0,8.804762,0.0,0.0,60.78308,13.036952,19.33724
0.0,0.0,0.0,46.694218,0.0,0.0,76.670166,0.0,0.0,28.598019,25.878883,0.0,0.0,0.0,6.134311,0.0,0.0,70.881615,16.88427,16.714746
0.0,0.0,0.0,16.048262,0.0,0.0,41.82323,0.0,0.0,2.7770028,0.0,0.0,0.0,0.0,15.198055,0.0,0.0,49.22527,7.6175156,21.4642
0.0,0.0,0.0,43.14168,0.0,0.0,69.42357,0.0,0.0,29.658974,26.877422,0.0,0.0,9.55083,2.2773876,0.0,0.0,68.85184,17.821014,6.374641
0.0,0.0,0.0,29.017511,0.0,0.0,57.273293,0.0,0.0,3.387872,10.5154085,0.0,0.0,0.0,10.379349,0.0,0.0,53.792526,4.4134755,34.062336
0.0,0.0,0.0,28.05713,0.0,0.0,56.130672,0.0,0.0,14.511287,10.399314,0.0,0.0,0.0,11.518045,0.0,0.0,54.646317,10.166243,22.423895
0.0,0.0,0.0,32.422573,0.0,0.0,63.63489,0.0,0.0,0.0,17.77873,0.0,0.0,0.0,11.401359,0.0,0.0,61.12148,0.04536254,42.38534
0.0,0.0,0.0,24.657393,0.0,0.0,51.945915,0.0,0.0,8.111276,6.2596908,0.0,0.0,0.0,13.5072155,0.0,0.0,55.844288,9.416922,21.911173
0.0,0.0,0.022813724,42.11248,0.0,0.0,66.58983,0.0,0.0,29.857706,24.665436,0.0,0.0,9.343217,3.6381845,0.0,0.0,69.02891,20.511215,2.2198985
0.0,0.0,0.0,28.393478,0.0,0.0,58.23824,0.0,0.0,5.0396385,10.588222,0.0,0.0,0.0,14.73098,0.0,0.0,54.890842,4.6949215,35.862938
0.0,0.0,0.0,28.738789,0.0,0.0,61.291126,0.0,0.0,7.929985,13.272589,0.0,0.0,0.0,14.051479,0.0,0.0,61.309723,5.7127705,32.187946
0.0,0.0,5.494852,56.106106,0.0,0.0,79.990234,0.0,0.0,30.859415,26.087557,0.0,0.0,3.0777376,0.0,0.0,0.0,71.35394,23.47544,8.992476
0.0,0.0,0.0,26.518997,0.0,0.0,52.24109,0.0,0.0,9.71165,8.305378,0.0,0.0,0.0,11.72749,0.0,0.0,52.557262,9.852026,20.556967
0.0,0.0,0.0,24.793726,0.0,0.0,56.576077,0.0,0.0,3.5217044,7.4409533,0.0,0.0,0.0,15.830086,0.0,0.0,56.217823,5.166164,33.413216
0.0,0.0,4.7185645,52.003155,0.0,0.0,76.0078,0.0,0.0,28.393007,22.351152,0.0,0.0,0.845103,1.0265139,0.0,0.0,68.18508,23.464537,9.876366
0.0,0.0,0.0,22.764008,0.0,0.0,53.338417,0.0,0.0,7.784646,8.523162,0.0,0.0,0.0,14.890853,0.0,0.0,61.665073,7.866786,24.01298
0.0,0.0,0.0,22.42174,0.0,0.0,55.93256,0.0,0.0,10.356239,6.9017577,0.0,0.0,0.0,17.204994,0.0,0.0,57.9802,7.3566084,27.956577
0.0,0.0,0.0,24.572004,0.0,0.0,48.773724,0.0,0.0,0.0,6.940403,0.0,0.0,0.0,9.823943,0.0,0.0,48.08329,2.8654716,32.92556
0.0,0.0,0.0,23.352846,0.0,0.0,49.014072,0.0,0.0,1.2076726,2.0247793,0.0,0.0,0.0,14.478927,0.0,0.0,54.251835,8.268748,25.941431
0.0,0.0,0.0,24.368494,0.0,0.0,52.974674,0.0,0.0,9.984317,5.9718823,0.0,0.0,0.0,13.421889,0.0,0.0,50.592327,8.309889,24.47526
0.0,0.0,0.0,4.670103,0.0,0.0,33.85993,0.0,0.0,15.845243,0.2448386,0.0,0.0,0.0,18.247759,0.0,0.0,49.49148,10.312459,5.850383
0.0,0.0,0.0,27.354946,0.0,0.0,56.222534,0.0,0.0,19.895903,12.678447,0.0,0.0,0.0,11.540052,0.0,0.0,58.189037,12.759506,13.067915
0.0,0.0,0.0,40.51367,0.0,0.0,65.953514,0.0,0.0,22.603172,23.081926,0.0,0.0,0.0,5.2137012,0.0,0.0,59.62907,12.862277,17.569721
0.0,0.0,0.0,22.042826,0.0,0.0,50.727867,0.0,0.0,6.020284,1.4799293,0.0,0.0,0.0,15.728809,0.0,0.0,54.642162,10.042068,24.418976
0.0,0.0,0.0,9.878247,0.0,0.0,34.790565,0.0,0.0,0.022120506,0.0,0.0,0.0,0.0,16.919235,0.0,0.0,41.623363,4.838588,22.340176
0.0,0.0,0.0,36.681324,0.0,0.0,67.26279,0.0,0.0,6.8119893,15.528507,0.0,0.0,0.0,10.719526,0.0,0.0,59.70981,6.0203056,37.03562
